INSERT INTO `affiliation` VALUES ('4fe5a354-64f7-41a9-a6e7-2671a20b1ebe','Republic'),('627aa396-db67-44cf-b285-99669e91dc86','Trooper'),('6cd9c429-b97d-4c99-b5de-1cb8ae25f2d8','Knight'),('a44f1fc5-f017-4714-800e-3cc12d8744aa','Smuggler'),('a6f978ef-0ebd-4903-bd91-0abc6e0683a6','Consular'),('bd69b532-3e1d-40f0-9605-6168c51e8a60','Agent'),('ce5570a0-242b-4a85-aa9d-0408d16321af','Inquisitor'),('ec28dd28-7309-4a65-993d-adeaf208114c','Empire'),('ed0b1ff4-f915-49aa-a08c-b423c02db255','Bounty Hunter'),('fba6778f-54b1-49c6-a9b6-9eb61844b9e9','Warrior');

INSERT INTO `gift_reaction` VALUES ('3837b956-bf37-4e50-b921-b48e4297bd10',0,'Indifferent'),('5742c070-da28-4260-91bc-521bd7271ec8',1,'Like'),('90e32a8f-5fd9-4a4a-944b-f2f7f15ce94c',2,'Favorite'),('c9b566a5-2fcf-4cdb-b425-c01d99e93386',3,'Love');

INSERT INTO `gift_type` VALUES ('00be2639-4833-4f6f-b88f-f3dc79199d3b','Weapon'),('1b778540-9491-4c89-8fbc-b0f9de5e60eb','Technology'),('22634858-221d-4cea-87cb-fe0313457894','Delicacies'),('563eb9bd-f9c8-4a35-aae4-032c9815d2b2','Luxury'),('60b50099-0ce1-4113-bcfb-8cb0cec2edfd','Trophy'),('65c31724-46aa-4217-9095-413e93e1ec8a','Underworld Good'),('7c723609-5271-4406-a67b-3f30ce7e3940','Republic Memorabilia'),('9917c1cf-9303-4f87-90f5-0022d84573b8','Cultural Artifact'),('a6aa403b-736a-442d-86ce-ab3ba09443d3','Maintenance'),('abaa284f-6701-4d27-9bd0-13b14aece7db','Imperial Memorabilia'),('b158eee7-7400-4551-b584-2d308fb9d770','Courting'),('d9002a47-74c9-4fa3-a843-defe1c150ee9','Military Gear');

INSERT INTO `companion` VALUES ('4364c1fe-5fcd-40f4-ae67-27f6e209d4d4','Intelligence Profile:
Name: Vector Hyllus
Gender: Male
Species: Human (enhanced)
Age: 26
Likes: Diplomacy, helping people, exploring alien cultures
Dislikes: Greed, cruelty, prejudice, anti-alien sentiment

Background (Summary): Second-generation Imperial; mother native to Jurio, married Captain Adronik Hyllus after Jurio was granted Imperial governance. Expressed desire to join Diplomatic Service at an early age and displayed appropriate traits. Ranked high academically during training, and soon after graduation was granted (by request) post aboard exploration and first contact vessel (see service record).

Reassigned to Alderaan due to diplomatic manpower needs (see House Thul). Served ably until encounter with Killik species and subsequent \"Joiner\" transformation. Current status is unclear.

Personality: Vector Hyllus has repeatedly expressed admiration for Imperial accomplishments while indicating a desire to spread Imperial influence through diplomatic channels. His attitudes were likely shaped by the Imperial reconstruction of his homeworld and are appropriate for a Diplomatic Service member. Hyllus is obedient, intelligent, charismatic and effective. He is unlikely to advance further within diplomatic or military hierarchies.

Notes: Personality profile compiled from performance reports from before Hyllus''s \"Joiner\" transformation. Data should be considered non-comprehensive.','Vector Hyllus'),('c8a05947-141f-41cb-89c7-93531639cfbf','Intelligence Profile:
Name: Kaliyo Djannis
Gender: Female
Species: Rattataki
Age: 29 (unconfirmed)
Likes: Disrespecting authority, casual violence, anarchy for the fun of it
Dislikes: Self-sacrifice for the greater good, sincerity, obedience, patriotic spirit and being taken advantage of

Background (Summary): Multiple contradictory accounts make full background assessment difficult. Subject likely born on Rattatak. Escaped homeworld at a young age. Proceeded to find employment as freelance enforcer and assassin for major criminal syndicates (Exchange, Hutt Cartel) and individual underworld figures (Rholl). Persistent links to Brentaal Four anarchist cells (see Revolutionary Edge Brigade). Minimal activity within Imperial borders.

Personality: Kaliyo Djannis prizes her freedom and will lie, murder and blackmail in order to ensure that she is in control of a situation and able to indulge her vices. Known to pursue lengthy vendettas to redress grievances. Possesses a track record of expertly manipulating employers, lovers and associates (agents should not be fooled by attempts at seduction). As with many mercenaries, her loyalty cannot be purchased, but her services can be--if only temporarily.

Notes: No known military training, but extremely capable with assault weapons. Has been known to bite when disarmed.','Kaliyo Djannis'),('ca45f583-7922-4639-8243-0f3a017c831a','2V-R8 is a Seneschal-series factotum droid outfitted to serve the galaxy''s most dangerous individuals. Due to experiences with previous masters, he knows that any moment of weakness or failure could easily result in his permanent deactivation, and he has therefore created multiple subroutines to reroute all his processing capabilities, maximizing his efficiency when seeing to whatever single task his master has assigned him. Despite the constant fear of destruction hanging over his head, 2V-R8 makes every effort to appear professional and composed. He has activated numerous crisis-management programming modules to assist him with handling the stress on his processors. So far, his power core has overheated only once.','2V-R8'),('e6adbb1c-6e90-49cb-9cd2-fbea6230fe48','Intelligence Profile:
Name: SCORPIO
Gender: None (identifies as female?)
Species: Droid
Age: Unknown
Likes: Learning and gaining new tech, selfishness, killing threats
Dislikes: Self-sacrifice, duty, wastefulness

Background (Summary): Claims to have been designed for heuristic self-improvement by unknown parties. Current chassis is of recent design, suggesting multiple precursor bodies or independent database.

Over a century ago, SCORPIO became involved with the Star Cabal organization and accepted guardianship of Belsavis Megasecurity Ward 23. In return for rare technology, SCORPIO willingly acted as the Star Cabal''s security system until application of control codes by Cipher Nine. Currently unable to directly harm Cipher Nine without provocation or depart Cipher Nine''s presence on a long-term basis.

Personality: Application of Wreyn-Tsatke Cyber-Psychology Scale results in a 9-NIX rating for SCORPIO (level 9 intelligence, non-human, independent, unknown) with 22% accuracy. These preliminary results match anecdotal experience--SCORPIO places no inherent value on biological or cybernetic life and is interested primarily in self-iteration through rapid experience. If given appropriate challenges and upgrade opportunities, SCORPIO may prove cooperative for limited periods. She appears to value others who share her traits--intelligence, amoral self-interest and curiosity.

Similar cybernetic personalities include Mentor (10-NCM) and G0-T9 (8-HSM)--both considered galaxy-level threats. Recommend full application of Wreyn-Tsatke Test at earliest opportunity.

Notes: This profile is a work in progress and should not be considered definitive.

Special: By order of the Minister of Intelligence, access to this profile is restricted.','SCORPIO'),('e72358b1-627a-4c56-81f1-3051b392109d','SIS Dossier:
Name: Raina Temple
Gender: Female
Species: Human
Age: 24
Likes: The Empire, the Sith, duty, honor
Dislikes: Cruelty, casual violence, selfishness

Personal History: Standard searches reveal no Imperial citizenship record for a \"Raina Temple,\" but the usual caveats apply--our data on the Imperial populace remains sadly incomplete. Temple''s skills and attitude suggest Imperial Army training, but her presence inside the Chiss Expansionary Defense Force is extremely unusual; neither the CEDF nor the Imperial military is known for its transfer programs.

Analysis: Personable and bright Imperial military cadets don''t end up embedded with aliens at the far edge of the galaxy without good reason. Temple could be a plant, but it''s just as likely she''s been intentionally forced out of the picture. Best-guess personality profile suggests she''s a typically patriotic example of the rank-and-file Imperial military--a true believer in Imperial superiority and duty. No matter how easygoing or empathetic she may be at times, the needs of her nation have to come first.

Note by SIS Agent Hunter: She''s cute, isn''t she? Enjoy the file, Cipher Nine... we can spare the occasional dossier if you''re willing to play along.','Ensign Raina Temple'),('f43a0a3e-668e-4547-92c4-0e222f917b70','SIS Dossier:
Name: Eckard Lokin (unconfirmed)
Gender: Male
Species: Human
Age: 65 (estimate)
Likes: Clever solutions, long-term thinking, technology, pragmatism
Dislikes: Ideology, honesty, selfish actions without clear long-term gain

Personal History: Age and surname suggest Lokin was born on Dromund Kaas during the pre-war years. Files acquired during Operation: Freefall reference a \"Doctor E. Lokin\" working as Science and Medical Advisor to Kaas City military police during this period, but no visual is provided.

First confirmed sighting was during the boarding of Imperial dreadnought Warhammer--Lokin was one of the two individuals aboard who evaded capture. Interestingly, he was not listed in the crew roster. First identification as Fixer Fifteen came during Operation: Red Cell (see listening post transcripts). Additional sightings and references to the Fixer Fifteen designation uncovered intermittently since.

Analysis: Take a close look at the operations where we caught Lokin, and you''ll notice a pattern--every time he turns up, something big is happening and we can''t figure the role he''s playing. He''s professional, he knows his science and he''s sneaky. We know he rubs some of his colleagues the wrong way, but even his fellow agents haven''t given us anything useful under questioning.

Note by Harson Nild, Director of Core World Operations: Is Lokin still in active service? I remember hearing about a Fixer biologist back in the day, but thought he''d retired years ago.','Eckard Lokin');



INSERT INTO `companion_affiliation_mapping` VALUES ('4364c1fe-5fcd-40f4-ae67-27f6e209d4d4','bd69b532-3e1d-40f0-9605-6168c51e8a60'),('4364c1fe-5fcd-40f4-ae67-27f6e209d4d4','ec28dd28-7309-4a65-993d-adeaf208114c'),('c8a05947-141f-41cb-89c7-93531639cfbf','bd69b532-3e1d-40f0-9605-6168c51e8a60'),('c8a05947-141f-41cb-89c7-93531639cfbf','ec28dd28-7309-4a65-993d-adeaf208114c'),('ca45f583-7922-4639-8243-0f3a017c831a','bd69b532-3e1d-40f0-9605-6168c51e8a60'),('ca45f583-7922-4639-8243-0f3a017c831a','ce5570a0-242b-4a85-aa9d-0408d16321af'),('ca45f583-7922-4639-8243-0f3a017c831a','ec28dd28-7309-4a65-993d-adeaf208114c'),('ca45f583-7922-4639-8243-0f3a017c831a','ed0b1ff4-f915-49aa-a08c-b423c02db255'),('ca45f583-7922-4639-8243-0f3a017c831a','fba6778f-54b1-49c6-a9b6-9eb61844b9e9'),('e6adbb1c-6e90-49cb-9cd2-fbea6230fe48','bd69b532-3e1d-40f0-9605-6168c51e8a60'),('e6adbb1c-6e90-49cb-9cd2-fbea6230fe48','ec28dd28-7309-4a65-993d-adeaf208114c'),('e72358b1-627a-4c56-81f1-3051b392109d','bd69b532-3e1d-40f0-9605-6168c51e8a60'),('e72358b1-627a-4c56-81f1-3051b392109d','ec28dd28-7309-4a65-993d-adeaf208114c'),('f43a0a3e-668e-4547-92c4-0e222f917b70','bd69b532-3e1d-40f0-9605-6168c51e8a60'),('f43a0a3e-668e-4547-92c4-0e222f917b70','ec28dd28-7309-4a65-993d-adeaf208114c');

INSERT INTO `companion_gift` VALUES ('046db7cf-dc6b-4c97-97c5-5dab37b13aa5',NULL,'90e32a8f-5fd9-4a4a-944b-f2f7f15ce94c','60b50099-0ce1-4113-bcfb-8cb0cec2edfd','c8a05947-141f-41cb-89c7-93531639cfbf'),('0885c9a1-9ebb-49d8-9651-3ba953c0dc0f',NULL,'3837b956-bf37-4e50-b921-b48e4297bd10','a6aa403b-736a-442d-86ce-ab3ba09443d3','c8a05947-141f-41cb-89c7-93531639cfbf'),('08ccf90b-ef77-42c6-a74a-6f9b0c45c3af',NULL,'5742c070-da28-4260-91bc-521bd7271ec8','d9002a47-74c9-4fa3-a843-defe1c150ee9','e6adbb1c-6e90-49cb-9cd2-fbea6230fe48'),('0a7cd502-6401-4c3c-a7fd-e329078af286',NULL,'5742c070-da28-4260-91bc-521bd7271ec8','563eb9bd-f9c8-4a35-aae4-032c9815d2b2','e72358b1-627a-4c56-81f1-3051b392109d'),('0b1456f7-714e-4a7c-9011-2c6e2eb0dd63',NULL,'3837b956-bf37-4e50-b921-b48e4297bd10','22634858-221d-4cea-87cb-fe0313457894','ca45f583-7922-4639-8243-0f3a017c831a'),('0e08b803-75b5-411f-8a80-41d9d323cbe7',NULL,'5742c070-da28-4260-91bc-521bd7271ec8','1b778540-9491-4c89-8fbc-b0f9de5e60eb','c8a05947-141f-41cb-89c7-93531639cfbf'),('0ec1e85e-d038-470f-b18c-e66486ee537e',NULL,'90e32a8f-5fd9-4a4a-944b-f2f7f15ce94c','563eb9bd-f9c8-4a35-aae4-032c9815d2b2','f43a0a3e-668e-4547-92c4-0e222f917b70'),('1482d5da-b7d2-44f7-8923-61bcfd4c491e',NULL,'c9b566a5-2fcf-4cdb-b425-c01d99e93386','a6aa403b-736a-442d-86ce-ab3ba09443d3','e6adbb1c-6e90-49cb-9cd2-fbea6230fe48'),('15228e67-b0ed-411c-b837-bec6bde71fc6',NULL,'5742c070-da28-4260-91bc-521bd7271ec8','563eb9bd-f9c8-4a35-aae4-032c9815d2b2','ca45f583-7922-4639-8243-0f3a017c831a'),('186aacb7-71dd-4819-900f-58c8f1b4e329',NULL,'3837b956-bf37-4e50-b921-b48e4297bd10','00be2639-4833-4f6f-b88f-f3dc79199d3b','f43a0a3e-668e-4547-92c4-0e222f917b70'),('19c0cefb-2004-4649-aa1e-236ff2b05204',NULL,'3837b956-bf37-4e50-b921-b48e4297bd10','b158eee7-7400-4551-b584-2d308fb9d770','4364c1fe-5fcd-40f4-ae67-27f6e209d4d4'),('1c5ba1f5-49c1-41b2-abc0-594e8eb764d0',NULL,'3837b956-bf37-4e50-b921-b48e4297bd10','7c723609-5271-4406-a67b-3f30ce7e3940','c8a05947-141f-41cb-89c7-93531639cfbf'),('1d446a93-340c-485b-8049-c30455c2a72a',NULL,'90e32a8f-5fd9-4a4a-944b-f2f7f15ce94c','d9002a47-74c9-4fa3-a843-defe1c150ee9','e72358b1-627a-4c56-81f1-3051b392109d'),('216f4f91-2e46-4dc7-aec8-f67d836af57c',NULL,'3837b956-bf37-4e50-b921-b48e4297bd10','b158eee7-7400-4551-b584-2d308fb9d770','c8a05947-141f-41cb-89c7-93531639cfbf'),('23284f52-3570-4b63-bd69-8628d2f1e5d4',NULL,'3837b956-bf37-4e50-b921-b48e4297bd10','a6aa403b-736a-442d-86ce-ab3ba09443d3','4364c1fe-5fcd-40f4-ae67-27f6e209d4d4'),('2456aded-2f43-48e5-9ede-c1372beab712',NULL,'3837b956-bf37-4e50-b921-b48e4297bd10','60b50099-0ce1-4113-bcfb-8cb0cec2edfd','f43a0a3e-668e-4547-92c4-0e222f917b70'),('254f413b-3013-42d2-b480-ed8b47c160f8',NULL,'5742c070-da28-4260-91bc-521bd7271ec8','abaa284f-6701-4d27-9bd0-13b14aece7db','ca45f583-7922-4639-8243-0f3a017c831a'),('27612ca8-b6d6-48e9-9889-170ad45b3bad',NULL,'c9b566a5-2fcf-4cdb-b425-c01d99e93386','65c31724-46aa-4217-9095-413e93e1ec8a','c8a05947-141f-41cb-89c7-93531639cfbf'),('2bd91326-b142-4098-86d7-7da1c29be4b1',NULL,'5742c070-da28-4260-91bc-521bd7271ec8','00be2639-4833-4f6f-b88f-f3dc79199d3b','4364c1fe-5fcd-40f4-ae67-27f6e209d4d4'),('35b7c375-08da-4fdc-b188-4c1a04f5ed9a',NULL,'3837b956-bf37-4e50-b921-b48e4297bd10','b158eee7-7400-4551-b584-2d308fb9d770','e6adbb1c-6e90-49cb-9cd2-fbea6230fe48'),('44880f2c-f875-4863-aab5-34b51b5a18e3',NULL,'3837b956-bf37-4e50-b921-b48e4297bd10','9917c1cf-9303-4f87-90f5-0022d84573b8','f43a0a3e-668e-4547-92c4-0e222f917b70'),('46e04041-083b-4493-8590-93d2f92f52ae',NULL,'90e32a8f-5fd9-4a4a-944b-f2f7f15ce94c','00be2639-4833-4f6f-b88f-f3dc79199d3b','c8a05947-141f-41cb-89c7-93531639cfbf'),('491d7a7b-86e3-4a5b-8837-43b8fdd970cb',NULL,'3837b956-bf37-4e50-b921-b48e4297bd10','60b50099-0ce1-4113-bcfb-8cb0cec2edfd','ca45f583-7922-4639-8243-0f3a017c831a'),('4cec3e97-9e7f-4e9c-979b-b4cd947dea44',NULL,'5742c070-da28-4260-91bc-521bd7271ec8','563eb9bd-f9c8-4a35-aae4-032c9815d2b2','4364c1fe-5fcd-40f4-ae67-27f6e209d4d4'),('4eeab229-52a8-407c-8e1b-402cd93ed425',NULL,'3837b956-bf37-4e50-b921-b48e4297bd10','22634858-221d-4cea-87cb-fe0313457894','e72358b1-627a-4c56-81f1-3051b392109d'),('4f06809a-b1d9-4ead-8415-05525b070433',NULL,'3837b956-bf37-4e50-b921-b48e4297bd10','b158eee7-7400-4551-b584-2d308fb9d770','f43a0a3e-668e-4547-92c4-0e222f917b70'),('50332b2e-d59f-4367-a6d6-314af6c5360f',NULL,'90e32a8f-5fd9-4a4a-944b-f2f7f15ce94c','1b778540-9491-4c89-8fbc-b0f9de5e60eb','ca45f583-7922-4639-8243-0f3a017c831a'),('56da9704-7c0c-4083-a8f3-fccbdb019472',NULL,'3837b956-bf37-4e50-b921-b48e4297bd10','9917c1cf-9303-4f87-90f5-0022d84573b8','c8a05947-141f-41cb-89c7-93531639cfbf'),('5a7f88e2-5773-40a7-b27b-34c3cbd34a1e',NULL,'5742c070-da28-4260-91bc-521bd7271ec8','d9002a47-74c9-4fa3-a843-defe1c150ee9','c8a05947-141f-41cb-89c7-93531639cfbf'),('5b23f95f-9212-43ca-b467-477e30abba4e',NULL,'3837b956-bf37-4e50-b921-b48e4297bd10','65c31724-46aa-4217-9095-413e93e1ec8a','e6adbb1c-6e90-49cb-9cd2-fbea6230fe48'),('5ec7bd6d-d2b1-4a0a-8217-72dd8bc8054f',NULL,'c9b566a5-2fcf-4cdb-b425-c01d99e93386','9917c1cf-9303-4f87-90f5-0022d84573b8','4364c1fe-5fcd-40f4-ae67-27f6e209d4d4'),('62d49c9b-5b4e-42d3-83bc-abcfff0c4d29',NULL,'3837b956-bf37-4e50-b921-b48e4297bd10','a6aa403b-736a-442d-86ce-ab3ba09443d3','e72358b1-627a-4c56-81f1-3051b392109d'),('705a2921-a09f-4bd3-b779-31dc410a024c',NULL,'3837b956-bf37-4e50-b921-b48e4297bd10','65c31724-46aa-4217-9095-413e93e1ec8a','ca45f583-7922-4639-8243-0f3a017c831a'),('7429d415-b040-4aa4-8270-384b1189fe41',NULL,'c9b566a5-2fcf-4cdb-b425-c01d99e93386','a6aa403b-736a-442d-86ce-ab3ba09443d3','ca45f583-7922-4639-8243-0f3a017c831a'),('7a1f9ccc-bd2f-4473-af0e-6c3974980ed4',NULL,'c9b566a5-2fcf-4cdb-b425-c01d99e93386','abaa284f-6701-4d27-9bd0-13b14aece7db','e72358b1-627a-4c56-81f1-3051b392109d'),('83c978f5-c0b4-4d37-b0f9-37feab6f585b',NULL,'c9b566a5-2fcf-4cdb-b425-c01d99e93386','1b778540-9491-4c89-8fbc-b0f9de5e60eb','e6adbb1c-6e90-49cb-9cd2-fbea6230fe48'),('88bc4852-871b-492e-b6db-5555c86f5097',NULL,'90e32a8f-5fd9-4a4a-944b-f2f7f15ce94c','00be2639-4833-4f6f-b88f-f3dc79199d3b','e6adbb1c-6e90-49cb-9cd2-fbea6230fe48'),('8a0da44a-f188-4217-823f-9b8cfe66c91d',NULL,'5742c070-da28-4260-91bc-521bd7271ec8','b158eee7-7400-4551-b584-2d308fb9d770','e72358b1-627a-4c56-81f1-3051b392109d'),('8ad972ff-f3d1-4a75-91a3-c35dedf25977',NULL,'3837b956-bf37-4e50-b921-b48e4297bd10','7c723609-5271-4406-a67b-3f30ce7e3940','4364c1fe-5fcd-40f4-ae67-27f6e209d4d4'),('8ecf59de-25b4-4bda-aea3-4dd8cb4d9ae0',NULL,'90e32a8f-5fd9-4a4a-944b-f2f7f15ce94c','563eb9bd-f9c8-4a35-aae4-032c9815d2b2','c8a05947-141f-41cb-89c7-93531639cfbf'),('8f6cb838-0ad0-43c5-8a12-ca5c125fac27',NULL,'3837b956-bf37-4e50-b921-b48e4297bd10','1b778540-9491-4c89-8fbc-b0f9de5e60eb','e72358b1-627a-4c56-81f1-3051b392109d'),('9126b434-5541-47fa-ba6d-16e8624e9410',NULL,'3837b956-bf37-4e50-b921-b48e4297bd10','7c723609-5271-4406-a67b-3f30ce7e3940','ca45f583-7922-4639-8243-0f3a017c831a'),('94d6eaa5-1588-4d41-b2ed-eda0f9b18da1',NULL,'3837b956-bf37-4e50-b921-b48e4297bd10','60b50099-0ce1-4113-bcfb-8cb0cec2edfd','e72358b1-627a-4c56-81f1-3051b392109d'),('998436f6-3d68-4e0c-82ce-c88ca30f3413',NULL,'5742c070-da28-4260-91bc-521bd7271ec8','7c723609-5271-4406-a67b-3f30ce7e3940','f43a0a3e-668e-4547-92c4-0e222f917b70'),('9a6ba593-0ac6-4e98-a5f5-91e3ce936c5f',NULL,'5742c070-da28-4260-91bc-521bd7271ec8','7c723609-5271-4406-a67b-3f30ce7e3940','e72358b1-627a-4c56-81f1-3051b392109d'),('9a6f049d-d01f-4b9a-9198-c42c1c7ba065',NULL,'3837b956-bf37-4e50-b921-b48e4297bd10','b158eee7-7400-4551-b584-2d308fb9d770','ca45f583-7922-4639-8243-0f3a017c831a'),('9bdfbd36-016e-409b-a062-27901f97e73a',NULL,'5742c070-da28-4260-91bc-521bd7271ec8','9917c1cf-9303-4f87-90f5-0022d84573b8','e6adbb1c-6e90-49cb-9cd2-fbea6230fe48'),('a0010e8a-8b09-418b-9bb7-5c4b2f200957',NULL,'90e32a8f-5fd9-4a4a-944b-f2f7f15ce94c','d9002a47-74c9-4fa3-a843-defe1c150ee9','f43a0a3e-668e-4547-92c4-0e222f917b70'),('a8deed3d-53c3-4cac-9bd8-9b9844daf16c',NULL,'3837b956-bf37-4e50-b921-b48e4297bd10','9917c1cf-9303-4f87-90f5-0022d84573b8','e72358b1-627a-4c56-81f1-3051b392109d'),('a9688f10-ca92-45c2-88aa-e60513c3d67c',NULL,'3837b956-bf37-4e50-b921-b48e4297bd10','d9002a47-74c9-4fa3-a843-defe1c150ee9','4364c1fe-5fcd-40f4-ae67-27f6e209d4d4'),('abe42abb-b34b-4972-9e14-2eed5ee3e083',NULL,'c9b566a5-2fcf-4cdb-b425-c01d99e93386','1b778540-9491-4c89-8fbc-b0f9de5e60eb','f43a0a3e-668e-4547-92c4-0e222f917b70'),('ae8056c6-3f8d-47d3-a451-fbe73458873d',NULL,'c9b566a5-2fcf-4cdb-b425-c01d99e93386','9917c1cf-9303-4f87-90f5-0022d84573b8','ca45f583-7922-4639-8243-0f3a017c831a'),('b3af12b0-17b1-4219-9649-ed92fb7c8a53',NULL,'5742c070-da28-4260-91bc-521bd7271ec8','60b50099-0ce1-4113-bcfb-8cb0cec2edfd','4364c1fe-5fcd-40f4-ae67-27f6e209d4d4'),('c0c18aa0-055b-4191-90b7-64af2895c471',NULL,'90e32a8f-5fd9-4a4a-944b-f2f7f15ce94c','22634858-221d-4cea-87cb-fe0313457894','c8a05947-141f-41cb-89c7-93531639cfbf'),('cd0dcbea-eda9-4379-9fd3-a42a26fe6edb',NULL,'3837b956-bf37-4e50-b921-b48e4297bd10','abaa284f-6701-4d27-9bd0-13b14aece7db','e6adbb1c-6e90-49cb-9cd2-fbea6230fe48'),('cdf5f653-c959-4972-ae5f-eac4b321be03',NULL,'5742c070-da28-4260-91bc-521bd7271ec8','60b50099-0ce1-4113-bcfb-8cb0cec2edfd','e6adbb1c-6e90-49cb-9cd2-fbea6230fe48'),('d041b637-ee15-4007-951f-0ab65013ab0e',NULL,'5742c070-da28-4260-91bc-521bd7271ec8','22634858-221d-4cea-87cb-fe0313457894','4364c1fe-5fcd-40f4-ae67-27f6e209d4d4'),('d43f8ac0-4ed6-4350-af40-1fe3e6ae56c4',NULL,'3837b956-bf37-4e50-b921-b48e4297bd10','65c31724-46aa-4217-9095-413e93e1ec8a','4364c1fe-5fcd-40f4-ae67-27f6e209d4d4'),('de1938fc-c0cf-4ba8-8cc9-80c73c583048',NULL,'3837b956-bf37-4e50-b921-b48e4297bd10','563eb9bd-f9c8-4a35-aae4-032c9815d2b2','e6adbb1c-6e90-49cb-9cd2-fbea6230fe48'),('de366bcd-101b-4117-ab49-475b36e77a99',NULL,'3837b956-bf37-4e50-b921-b48e4297bd10','22634858-221d-4cea-87cb-fe0313457894','f43a0a3e-668e-4547-92c4-0e222f917b70'),('e30d63f9-e93c-4f21-bafe-4c3bb09203f5',NULL,'3837b956-bf37-4e50-b921-b48e4297bd10','abaa284f-6701-4d27-9bd0-13b14aece7db','c8a05947-141f-41cb-89c7-93531639cfbf'),('e6f3c860-5488-4b16-86ec-f87385d0b029',NULL,'5742c070-da28-4260-91bc-521bd7271ec8','00be2639-4833-4f6f-b88f-f3dc79199d3b','e72358b1-627a-4c56-81f1-3051b392109d'),('e9f154bf-7c9f-4091-92d6-fc135f922f45',NULL,'3837b956-bf37-4e50-b921-b48e4297bd10','a6aa403b-736a-442d-86ce-ab3ba09443d3','f43a0a3e-668e-4547-92c4-0e222f917b70'),('eab5897d-a1f7-465e-b059-418303df01dd',NULL,'3837b956-bf37-4e50-b921-b48e4297bd10','00be2639-4833-4f6f-b88f-f3dc79199d3b','ca45f583-7922-4639-8243-0f3a017c831a'),('ee4fad25-cfd1-4b88-9704-e6bd6e5af205',NULL,'5742c070-da28-4260-91bc-521bd7271ec8','65c31724-46aa-4217-9095-413e93e1ec8a','f43a0a3e-668e-4547-92c4-0e222f917b70'),('f231c19a-f9f9-47e4-a306-8e8e055f5392',NULL,'3837b956-bf37-4e50-b921-b48e4297bd10','22634858-221d-4cea-87cb-fe0313457894','e6adbb1c-6e90-49cb-9cd2-fbea6230fe48'),('f679f0d5-b6fd-4f32-af6e-f0e6443ab161',NULL,'3837b956-bf37-4e50-b921-b48e4297bd10','d9002a47-74c9-4fa3-a843-defe1c150ee9','ca45f583-7922-4639-8243-0f3a017c831a'),('f67b4109-a7a0-4dab-9854-a8dfd1a067c3',NULL,'c9b566a5-2fcf-4cdb-b425-c01d99e93386','abaa284f-6701-4d27-9bd0-13b14aece7db','f43a0a3e-668e-4547-92c4-0e222f917b70'),('fb10dc8a-4ff5-4b8c-a204-f0c4f4f88f63',NULL,'3837b956-bf37-4e50-b921-b48e4297bd10','1b778540-9491-4c89-8fbc-b0f9de5e60eb','4364c1fe-5fcd-40f4-ae67-27f6e209d4d4'),('fe1c0584-98de-44e4-ab43-de1b3f543de5',NULL,'90e32a8f-5fd9-4a4a-944b-f2f7f15ce94c','abaa284f-6701-4d27-9bd0-13b14aece7db','4364c1fe-5fcd-40f4-ae67-27f6e209d4d4'),('fea2933d-0289-4fc5-a934-cf0b4432d028',NULL,'3837b956-bf37-4e50-b921-b48e4297bd10','65c31724-46aa-4217-9095-413e93e1ec8a','e72358b1-627a-4c56-81f1-3051b392109d'),('fee23949-e17a-4c3a-8958-7d7787557b9e',NULL,'3837b956-bf37-4e50-b921-b48e4297bd10','7c723609-5271-4406-a67b-3f30ce7e3940','e6adbb1c-6e90-49cb-9cd2-fbea6230fe48');